,0.0,1.0,2.0,3.0,4.0,5.0,6.0,7.0,8.0,9.0,10.0,11.0,12.0,13.0,14.0,15.0,16.0,17.0,18.0,19.0,20.0,21.0,22.0,23.0,24.0
0.0,J2-20,J2-20,J2-20,J2-20,J2-20,J2-20,J2-20,J2-20,J2-20,J2-20,J2-20,J2-20,J2-20,J2-20,J2-20,J2-20,J2-20,J2-20,J2-20,J2-20,J2-20,J2-20,J2-20,J2-20,J2-20
0.017453292519943295,J2-20,J2-20,J2-20,J2-20,J2-20,J2-20,J2-20,J2-20,J2-20,J2-20,J2-20,J2-20,J2-20,J2-20,J2-20,J2-20,J2-20,J2-20,J2-20,J2-20,J2-20,J2-20,J2-20,J2-20,J2-20
0.03490658503988659,J2-20,J2-20,J2-20,J2-20,J2-20,J2-20,J2-20,J2-20,J2-20,J2-20,J2-20,J2-20,J2-20,J2-20,J2-20,J2-20,J2-20,J2-20,J2-20,J2-20,J2-20,J2-20,J2-20,J2-20,J2-20
0.05235987755982989,J2-20,J2-20,J2-20,J2-20,J2-20,J2-20,J2-20,J2-20,J2-20,J2-20,J2-20,J2-20,J2-20,J2-20,J2-20,J2-20,J2-20,J2-20,J2-20,J2-20,J2-20,J2-20,J2-20,J2-20,J2-20
0.06981317007977318,J2-20,J2-20,J2-20,J2-20,J2-20,J2-20,J2-20,J2-20,J2-20,J2-20,J2-20,J2-20,J2-20,J2-20,J2-20,J2-20,J2-20,J2-20,J2-20,J2-20,J2-20,J2-20,J2-20,J2-20,J2-20
0.08726646259971647,J2-20,J2-20,J2-20,J2-20,J2-20,J2-20,J2-20,J2-20,J2-20,J2-20,J2-20,J2-20,J2-20,J2-20,J2-20,J2-20,J2-20,J2-20,J2-20,J2-20,J2-20,J2-20,J2-20,J2-20,J2-20
0.10471975511965978,J2-20,J2-20,J2-20,J2-20,J2-20,J2-20,J2-20,J2-20,J2-20,J2-20,J2-20,J2-20,J2-20,J2-20,J2-20,J2-20,J2-20,J2-20,J2-20,J2-20,J2-20,J2-20,J2-20,J2-20,J2-20
0.12217304763960307,J2-20,J2-20,J2-20,J2-20,J2-20,J2-20,J2-20,J2-20,J2-20,J2-20,J2-20,J2-20,J2-20,J2-20,J2-20,J2-20,J2-20,J2-20,J2-20,J2-20,J2-20,J2-20,J2-20,J2-20,J2-20
0.13962634015954636,J2-20,J2-20,J2-20,J2-20,J2-20,J2-20,J2-20,J2-20,J2-20,J2-20,J2-20,J2-20,J2-20,J2-20,J2-20,J2-20,J2-20,J2-20,J2-20,J2-20,J2-20,J2-20,J2-20,J2-20,J2-20
0.15707963267948966,J2-20,J2-20,J2-20,J2-20,J2-20,J2-20,J2-20,J2-20,J2-20,J2-20,J2-20,J2-20,J2-20,J2-20,J2-20,J2-20,J2-20,J2-20,J2-20,J2-20,J2-20,J2-20,J2-20,J2-20,J2-20
0.17453292519943295,J2-20,J2-20,J2-20,J2-20,J2-20,J2-20,J2-20,J2-20,J2-20,J2-20,J2-20,J2-20,J2-20,J2-20,J2-20,J2-20,J2-20,J2-20,J2-20,J2-20,J2-20,J2-20,J2-20,J2-20,J2-20
0.19198621771937624,J2-20,J2-20,J2-20,J2-20,J2-20,J2-20,J2-20,J2-20,J2-20,J2-20,J2-20,J2-20,J2-20,J2-20,J2-20,J2-20,J2-20,J2-20,J2-20,J2-20,J2-20,J2-20,J2-20,J2-20,J2-20
0.20943951023931956,J2-20,J2-20,J2-20,J2-20,J2-20,J2-20,J2-20,J2-20,J2-20,J2-20,J2-20,J2-20,J2-20,J2-20,J2-20,J2-20,J2-20,J2-20,J2-20,J2-20,J2-20,J2-20,J2-20,J2-20,J2-20
0.22689280275926285,J2-20,J2-20,J2-20,J2-20,J2-20,J2-20,J2-20,J2-20,J2-20,J2-20,J2-20,J2-20,J2-20,J2-20,J2-20,J2-20,J2-20,J2-20,J2-20,J2-20,J2-20,J2-20,J2-20,J2-20,J2-20
0.24434609527920614,J2-20,J2-20,J2-20,J2-20,J2-20,J2-20,J2-20,J2-20,J2-20,J2-20,J2-20,J2-20,J2-20,J2-20,J2-20,J2-20,J2-20,J2-20,J2-20,J2-20,J2-20,J2-20,J2-20,J2-20,J2-20
0.2617993877991494,J2-20,J2-20,J2-20,J2-20,J2-20,J2-20,J2-20,J2-20,J2-20,J2-20,J2-20,J2-20,J2-20,J2-20,J2-20,J2-20,J2-20,J2-20,J2-20,J2-20,J2-20,J2-20,J2-20,J2-20,J2-20
0.2792526803190927,J2-20,J2-20,J2-20,J2-20,J2-20,J2-20,J2-20,J2-20,J2-20,J2-20,J2-20,J2-20,J2-20,J2-20,J2-20,J2-20,J2-20,J2-20,J2-20,J2-20,J2-20,J2-20,J2-20,J2-20,J2-20
0.29670597283903605,J2-20,J2-20,J2-20,J2-20,J2-20,J2-20,J2-20,J2-20,J2-20,J2-20,J2-20,J2-20,J2-20,J2-20,J2-20,J2-20,J2-20,J2-20,J2-20,J2-20,J2-20,J2-20,J2-20,J2-20,J2-20
0.3141592653589793,J2-20,J2-20,J2-20,J2-20,J2-20,J2-20,J2-20,J2-20,J2-20,J2-20,J2-20,J2-20,J2-20,J2-20,J2-20,J2-20,J2-20,J2-20,J2-20,J2-20,J2-20,J2-20,J2-20,J2-20,J2-20
0.33161255787892263,J2-20,J2-20,J2-20,J2-20,J2-20,J2-20,J2-20,J2-20,J2-20,J2-20,J2-20,J2-20,J2-20,J2-20,J2-20,J2-20,J2-20,J2-20,J2-20,J2-20,J2-20,J2-20,J2-20,J2-20,J2-20
0.3490658503988659,J2-20,J2-20,J2-20,J2-20,J2-20,J2-20,J2-20,J2-20,J2-20,J2-20,J2-20,J2-20,J2-20,J2-20,J2-20,J2-20,J2-20,J2-20,J2-20,J2-20,J2-20,J2-20,J2-20,J2-20,J2-20
0.3665191429188092,J2-20,J2-20,J2-20,J2-20,J2-20,J2-20,J2-20,J2-20,J2-20,J2-20,J2-20,J2-20,J2-20,J2-20,J2-20,J2-20,J2-20,J2-20,J2-20,J2-20,J2-20,J2-20,J2-20,J2-20,J2-20
0.3839724354387525,J2-20,J2-20,J2-20,J2-20,J2-20,J2-20,J2-20,J2-20,J2-20,J2-20,J2-20,J2-20,J2-20,J2-20,J2-20,J2-20,J2-20,J2-20,J2-20,J2-20,J2-20,J2-20,J2-20,J2-20,J2-20
0.4014257279586958,J2-20,J2-20,J2-20,J2-20,J2-20,J2-20,J2-20,J2-20,J2-20,J2-20,J2-20,J2-20,J2-20,J2-20,J2-20,J2-20,J2-20,J2-20,J2-20,J2-20,J2-20,J2-20,J2-20,J2-20,J2-20
0.4188790204786391,J2-20,J2-20,J2-20,J2-20,J2-20,J2-20,J2-20,J2-20,J2-20,J2-20,J2-20,J2-20,J2-20,J2-20,J2-20,J2-20,J2-20,J2-20,J2-20,J2-20,J2-20,J2-20,J2-20,J2-20,J2-20
0.4363323129985824,J2-20,J2-20,J2-20,J2-20,J2-20,J2-20,J2-20,J2-20,J2-20,J2-20,J2-20,J2-20,J2-20,J2-20,J2-20,J2-20,J2-20,J2-20,J2-20,J2-20,J2-20,J2-20,J2-20,J2-20,J2-20
0.4537856055185257,J2-20,J2-20,J2-20,J2-20,J2-20,J2-20,J2-20,J2-20,J2-20,J2-20,J2-20,J2-20,J2-20,J2-20,J2-20,J2-20,J2-20,J2-20,J2-20,J2-20,J2-20,J2-20,J2-20,J2-20,J2-20
0.47123889803846897,J2-20,J2-20,J2-20,J2-20,J2-20,J2-20,J2-20,J2-20,J2-20,J2-20,J2-20,J2-20,J2-20,J2-20,J2-20,J2-20,J2-20,J2-20,J2-20,J2-20,J2-20,J2-20,J2-20,J2-20,J2-20
0.4886921905584123,J2-20,J2-20,J2-20,J2-20,J2-20,J2-20,J2-20,J2-20,J2-20,J2-20,J2-20,J2-20,J2-20,J2-20,J2-20,J2-20,J2-20,J2-20,J2-20,J2-20,J2-20,J2-20,J2-20,J2-20,J2-20
0.5061454830783556,J2-20,J2-20,J2-20,J2-20,J2-20,J2-20,J2-20,J2-20,J2-20,J2-20,J2-20,J2-20,J2-20,J2-20,J2-20,J2-20,J2-20,J2-20,J2-20,J2-20,J2-20,J2-20,J2-20,J2-20,J2-20
0.5235987755982988,J2-20,J2-20,J2-20,J2-20,J2-20,J2-20,J2-20,J2-20,J2-20,J2-20,J2-20,J2-20,J2-20,J2-20,J2-20,J2-20,J2-20,J2-20,J2-20,J2-20,J2-20,J2-20,J2-20,J2-20,J2-20
0.5410520681182421,J2-20,J2-20,J2-20,J2-20,J2-20,J2-20,J2-20,J2-20,J2-20,J2-20,J2-20,J2-20,J2-20,J2-20,J2-20,J2-20,J2-20,J2-20,J2-20,J2-20,J2-20,J2-20,J2-20,J2-20,J2-20
0.5585053606381855,J2-20,J2-20,J2-20,J2-20,J2-20,J2-20,J2-20,J2-20,J2-20,J2-20,J2-20,J2-20,J2-20,J2-20,J2-20,J2-20,J2-20,J2-20,J2-20,J2-20,J2-20,J2-20,J2-20,J2-20,J2-20
0.5759586531581288,J2-20,J2-20,J2-20,J2-20,J2-20,J2-20,J2-20,J2-20,J2-20,J2-20,J2-20,J2-20,J2-20,J2-20,J2-20,J2-20,J2-20,J2-20,J2-20,J2-20,J2-20,J2-20,J2-20,J2-20,J2-20
0.5934119456780721,J2-20,J2-20,J2-20,J2-20,J2-20,J2-20,J2-20,J2-20,J2-20,J2-20,J2-20,J2-20,J2-20,J2-20,J2-20,J2-20,J2-20,J2-20,J2-20,J2-20,J2-20,J2-20,J2-20,J2-20,J2-20
0.6108652381980153,J2-20,J2-20,J2-20,J2-20,J2-20,J2-20,J2-20,J2-20,J2-20,J2-20,J2-20,J2-20,J2-20,J2-20,J2-20,J2-20,J2-20,J2-20,J2-20,J2-20,J2-20,J2-20,J2-20,J2-20,J2-20
0.6283185307179586,J2-20,J2-20,J2-20,J2-20,J2-20,J2-20,J2-20,J2-20,J2-20,J2-20,J2-20,J2-20,J2-20,J2-20,J2-20,J2-20,J2-20,J2-20,J2-20,J2-20,J2-20,J2-20,J2-20,J2-20,J2-20
0.6457718232379019,J2-20,J2-20,J2-20,J2-20,J2-20,J2-20,J2-20,J2-20,J2-20,J2-20,J2-20,J2-20,J2-20,J2-20,J2-20,J2-20,J2-20,J2-20,J2-20,J2-20,J2-20,J2-20,J2-20,J2-20,J2-20
0.6632251157578453,J2-20,J2-20,J2-20,J2-20,J2-20,J2-20,J2-20,J2-20,J2-20,J2-20,J2-20,J2-20,J2-20,J2-20,J2-20,J2-20,J2-20,J2-20,J2-20,J2-20,J2-20,J2-20,J2-20,J2-20,J2-20
0.6806784082777885,J2-20,J2-20,J2-20,J2-20,J2-20,J2-20,J2-20,J2-20,J2-20,J2-20,J2-20,J2-20,J2-20,J2-20,J2-20,J2-20,J2-20,J2-20,J2-20,J2-20,J2-20,J2-20,J2-20,J2-20,J2-20
0.6981317007977318,J2-20,J2-20,J2-20,J2-20,J2-20,J2-20,J2-20,J2-20,J2-20,J2-20,J2-20,J2-20,J2-20,J2-20,J2-20,J2-20,J2-20,J2-20,J2-20,J2-20,J2-20,J2-20,J2-20,J2-20,J2-20
0.7155849933176751,J2-20,J2-20,J2-20,J2-20,J2-20,J2-20,J2-20,J2-20,J2-20,J2-20,J2-20,J2-20,J2-20,J2-20,J2-20,J2-20,J2-20,J2-20,J2-20,J2-20,J2-20,J2-20,J2-20,J2-20,J2-20
0.7330382858376184,J2-20,J2-20,J2-20,J2-20,J2-20,J2-20,J2-20,J2-20,J2-20,J2-20,J2-20,J2-20,J2-20,J2-20,J2-20,J2-20,J2-20,J2-20,J2-20,J2-20,J2-20,J2-20,J2-20,J2-20,J2-20
0.7504915783575618,J2-20,J2-20,J2-20,J2-20,J2-20,J2-20,J2-20,J2-20,J2-20,J2-20,J2-20,J2-20,J2-20,J2-20,J2-20,J2-20,J2-20,J2-20,J2-20,J2-20,J2-20,J2-20,J2-20,J2-20,J2-20
0.767944870877505,J2-20,J2-20,J2-20,J2-20,J2-20,J2-20,J2-20,J2-20,J2-20,J2-20,J2-20,J2-20,J2-20,J2-20,J2-20,J2-20,J2-20,J2-20,J2-20,J2-20,J2-20,J2-20,J2-20,J2-20,J2-20
0.7853981633974483,J2-20,J2-20,J2-20,J2-20,J2-20,J2-20,J2-20,J2-20,J2-20,J2-20,J2-20,J2-20,J2-20,J2-20,J2-20,J2-20,J2-20,J2-20,J2-20,J2-20,J2-20,J2-20,J2-20,J2-20,J2-20
0.8028514559173916,J2-20,J2-20,J2-20,J2-20,J2-20,J2-20,J2-20,J2-20,J2-20,J2-20,J2-20,J2-20,J2-20,J2-20,J2-20,J2-20,J2-20,J2-20,J2-20,J2-20,J2-20,J2-20,J2-20,J2-20,J2-20
0.8203047484373349,J2-20,J2-20,J2-20,J2-20,J2-20,J2-20,J2-20,J2-20,J2-20,J2-20,J2-20,J2-20,J2-20,J2-20,J2-20,J2-20,J2-20,J2-20,J2-20,J2-20,J2-20,J2-20,J2-20,J2-20,J2-20
0.8377580409572782,J2-20,J2-20,J2-20,J2-20,J2-20,J2-20,J2-20,J2-20,J2-20,J2-20,J2-20,J2-20,J2-20,J2-20,J2-20,J2-20,J2-20,J2-20,J2-20,J2-20,J2-20,J2-20,J2-20,J2-20,J2-20
0.8552113334772214,J2-20,J2-20,J2-20,J2-20,J2-20,J2-20,J2-20,J2-20,J2-20,J2-20,J2-20,J2-20,J2-20,J2-20,J2-20,J2-20,J2-20,J2-20,J2-20,J2-20,J2-20,J2-20,J2-20,J2-20,J2-20
0.8726646259971648,J2-20,J2-20,J2-20,J2-20,J2-20,J2-20,J2-20,J2-20,J2-20,J2-20,J2-20,J2-20,J2-20,J2-20,J2-20,J2-20,J2-20,J2-20,J2-20,J2-20,J2-20,J2-20,J2-20,J2-20,J2-20
0.8901179185171081,J2-20,J2-20,J2-20,J2-20,J2-20,J2-20,J2-20,J2-20,J2-20,J2-20,J2-20,J2-20,J2-20,J2-20,J2-20,J2-20,J2-20,J2-20,J2-20,J2-20,J2-20,J2-20,J2-20,J2-20,J2-20
0.9075712110370514,J2-20,J2-20,J2-20,J2-20,J2-20,J2-20,J2-20,J2-20,J2-20,J2-20,J2-20,J2-20,J2-20,J2-20,J2-20,J2-20,J2-20,J2-20,J2-20,J2-20,J2-20,J2-20,J2-20,J2-20,J2-20
0.9250245035569946,J2-20,J2-20,J2-20,J2-20,J2-20,J2-20,J2-20,J2-20,J2-20,J2-20,J2-20,J2-20,J2-20,J2-20,J2-20,J2-20,J2-20,J2-20,J2-20,J2-20,J2-20,J2-20,J2-20,J2-20,J2-20
0.9424777960769379,J2-20,J2-20,J2-20,J2-20,J2-20,J2-20,J2-20,J2-20,J2-20,J2-20,J2-20,J2-20,J2-20,J2-20,J2-20,J2-20,J2-20,J2-20,J2-20,J2-20,J2-20,J2-20,J2-20,J2-20,J2-20
0.9599310885968813,J2-20,J2-20,J2-20,J2-20,J2-20,J2-20,J2-20,J2-20,J2-20,J2-20,J2-20,J2-20,J2-20,J2-20,J2-20,J2-20,J2-20,J2-20,J2-20,J2-20,J2-20,J2-20,J2-20,J2-20,J2-20
0.9773843811168246,J2-20,J2-20,J2-20,J2-20,J2-20,J2-20,J2-20,J2-20,J2-20,J2-20,J2-20,J2-20,J2-20,J2-20,J2-20,J2-20,J2-20,J2-20,J2-20,J2-20,J2-20,J2-20,J2-20,J2-20,J2-20
0.9948376736367679,J2-20,J2-20,J2-20,J2-20,J2-20,J2-20,J2-20,J2-20,J2-20,J2-20,J2-20,J2-20,J2-20,J2-20,J2-20,J2-20,J2-20,J2-20,J2-20,J2-20,J2-20,J2-20,J2-20,J2-20,J2-20
1.0122909661567112,J2-20,J2-20,J2-20,J2-20,J2-20,J2-20,J2-20,J2-20,J2-20,J2-20,J2-20,J2-20,J2-20,J2-20,J2-20,J2-20,J2-20,J2-20,J2-20,J2-20,J2-20,J2-20,J2-20,J2-20,J2-20
1.0297442586766545,J2-20,J2-20,J2-20,J2-20,J2-20,J2-20,J2-20,J2-20,J2-20,J2-20,J2-20,J2-20,J2-20,J2-20,J2-20,J2-20,J2-20,J2-20,J2-20,J2-20,J2-20,J2-20,J2-20,J2-20,J2-20
1.0471975511965976,J2-20,J2-20,J2-20,J2-20,J2-20,J2-20,J2-20,J2-20,J2-20,J2-20,J2-20,J2-20,J2-20,J2-20,J2-20,J2-20,J2-20,J2-20,J2-20,J2-20,J2-20,J2-20,J2-20,J2-20,J2-20
1.064650843716541,J2-20,J0,J0,J0,J0,J0,J0,J2-20,J2-20,J2-20,J2-20,J2-20,J2-20,J2-20,J2-20,J2-20,J2-20,J2-20,J2-20,J2-20,J2-20,J2-20,J2-20,J2-20,J2-20
1.0821041362364843,J2-20,J0,J0,J0,J0,J0,J0,J2-20,J2-20,J2-20,J2-20,J2-20,J2-20,J2-20,J2-20,J2-20,J2-20,J2-20,J2-20,J2-20,J2-20,J2-20,J2-20,J2-20,J2-20
1.0995574287564276,J2-20,J0,J0,J0,J0,J0,J0,J0,J2-20,J2-20,J2-20,J2-20,J2-20,J2-20,J2-20,J2-20,J2-20,J2-20,J2-20,J2-20,J2-20,J2-20,J2-20,J2-20,J2-20
1.117010721276371,J2-20,J0,J0,J0,J0,J0,J0,J0,J0,J2-20,J2-20,J2-20,J2-20,J2-20,J2-20,J2-20,J2-20,J2-20,J2-20,J2-20,J2-20,J2-20,J2-20,J2-20,J2-20
1.1344640137963142,J2-20,J0,J0,J0,J0,J0,J0,J0,J0,J2-20,J2-20,J2-20,J2-20,J2-20,J2-20,J2-20,J2-20,J2-20,J2-20,J2-20,J2-20,J2-20,J2-20,J2-20,J2-20
1.1519173063162575,J2-20,J0,J0,J0,J0,J0,J0,J0,J0,J2-20,J2-20,J2-20,J2-20,J2-20,J2-20,J2-20,J2-20,J2-20,J2-20,J2-20,J2-20,J2-20,J2-20,J2-20,J2-20
1.1693705988362009,J2-20,J0,J0,J0,J0,J0,J0,J0,J0,J2-20,J2-20,J2-20,J2-20,J2-20,J2-20,J2-20,J2-20,J2-20,J2-20,J2-20,J2-20,J2-20,J2-20,J2-20,J2-20
1.1868238913561442,J2-20,J0,J0,J0,J0,J0,J0,J0,J0,J2-20,J2-20,J2-20,J2-20,J2-20,J2-20,J2-20,J2-20,J2-20,J2-20,J2-20,J2-20,J2-20,J2-20,J2-20,J2-20
1.2042771838760873,J2-20,J0,J0,J0,J0,J0,J0,J0,J0,J2-20,J2-20,J2-20,J2-20,J2-20,J2-20,J2-20,J2-20,J2-20,J2-20,J2-20,J2-20,J2-20,J2-20,J2-20,J2-20
1.2217304763960306,J2-20,J0,J0,J0,J0,J0,J0,J0,J0,J2-20,J2-20,J2-20,J2-20,J2-20,J2-20,J2-20,J2-20,J2-20,J2-20,J2-20,J2-20,J2-20,J2-20,J2-20,J2-20
1.239183768915974,J2-20,J0,J0,J0,J0,J0,J0,J0,J0,J0,J2-20,J2-20,J2-20,J2-20,J2-20,J2-20,J2-20,J2-20,J2-20,J2-20,J2-20,J2-20,J2-20,J2-20,J2-20
1.2566370614359172,J2-20,J0,J0,J0,J0,J0,J0,J0,J0,J0,J2-20,J2-20,J2-20,J2-20,J2-20,J2-20,J2-20,J2-20,J2-20,J2-20,J2-20,J2-20,J2-20,J2-20,J2-20
1.2740903539558606,J2-20,J0,J0,J0,J0,J0,J0,J0,J0,J0,J2-20,J2-20,J2-20,J2-20,J2-20,J2-20,J2-20,J2-20,J2-20,J2-20,J2-20,J2-20,J2-20,J2-20,J2-20
1.2915436464758039,J2-20,J0,J0,J0,J0,J0,J0,J0,J0,J0,J2-20,J2-20,J2-20,J2-20,J2-20,J2-20,J2-20,J2-20,J2-20,J2-20,J2-20,J2-20,J2-20,J2-20,J2-20
1.3089969389957472,J2-20,J0,J0,J0,J0,J0,J0,J0,J0,J0,J0,J2-20,J2-20,J2-20,J2-20,J2-20,J2-20,J2-20,J2-20,J2-20,J2-20,J2-20,J2-20,J2-20,J2-20
1.3264502315156905,J2-20,J0,J0,J0,J0,J0,J0,J0,J0,J0,J0,J2-20,J2-20,J2-20,J2-20,J2-20,J2-20,J2-20,J2-20,J2-20,J2-20,J2-20,J2-20,J2-20,J2-20
1.3439035240356338,J2-20,J0,J0,J0,J0,J0,J0,J0,J0,J0,J0,J2-20,J2-20,J2-20,J2-20,J2-20,J2-20,J2-20,J2-20,J2-20,J2-20,J2-20,J2-20,J2-20,J2-20
1.361356816555577,J2-20,J0,J0,J0,J0,J0,J0,J0,J0,J0,J0,J2-20,J2-20,J2-20,J2-20,J2-20,J2-20,J2-20,J2-20,J2-20,J2-20,J2-20,J2-20,J2-20,J2-20
1.3788101090755203,J2-20,J0,J0,J0,J0,J0,J0,J0,J0,J0,J0,J0,J2-20,J2-20,J2-20,J2-20,J2-20,J2-20,J2-20,J2-20,J2-20,J2-20,J2-20,J2-20,J2-20
1.3962634015954636,J2-20,J0,J0,J0,J0,J0,J0,J0,J0,J0,J0,J0,J2-20,J2-20,J2-20,J2-20,J2-20,J2-20,J2-20,J2-20,J2-20,J2-20,J2-20,J2-20,J2-20
1.413716694115407,J2-20,J0,J0,J0,J0,J0,J0,J0,J0,J0,J0,J0,J2-20,J2-20,J2-20,J2-20,J2-20,J2-20,J2-20,J2-20,J2-20,J2-20,J2-20,J2-20,J2-20
1.4311699866353502,J2-20,J0,J0,J0,J0,J0,J0,J0,J0,J0,J0,J0,J2-20,J2-20,J2-20,J2-20,J2-20,J2-20,J2-20,J2-20,J2-20,J2-20,J2-20,J2-20,J2-20
1.4486232791552935,J2-20,J0,J0,J0,J0,J0,J0,J0,J0,J0,J0,J0,J0,J2-20,J2-20,J2-20,J2-20,J2-20,J2-20,J2-20,J2-20,J2-20,J2-20,J2-20,J2-20
1.4660765716752369,J2-20,J0,J0,J0,J0,J0,J0,J0,J0,J0,J0,J0,J0,J2-20,J2-20,J2-20,J2-20,J2-20,J2-20,J2-20,J2-20,J2-20,J2-20,J2-20,J2-20
1.4835298641951802,J2-20,J0,J0,J0,J0,J0,J0,J0,J0,J0,J0,J0,J0,J2-20,J2-20,J2-20,J2-20,J2-20,J2-20,J2-20,J2-20,J2-20,J2-20,J2-20,J2-20
1.5009831567151235,J2-20,J0,J0,J0,J0,J0,J0,J0,J0,J0,J0,J0,J0,J0,J2-20,J2-20,J2-20,J2-20,J2-20,J2-20,J2-20,J2-20,J2-20,J2-20,J2-20
1.5184364492350666,J2-20,J0,J0,J0,J0,J0,J0,J0,J0,J0,J0,J0,J0,J0,J2-20,J2-20,J2-20,J2-20,J2-20,J2-20,J2-20,J2-20,J2-20,J2-20,J2-20
1.53588974175501,J2-20,J0,J0,J0,J0,J0,J0,J0,J0,J0,J0,J0,J0,J0,J2-20,J2-20,J2-20,J2-20,J2-20,J2-20,J2-20,J2-20,J2-20,J2-20,J2-20
1.5533430342749532,J2-20,J0,J0,J0,J0,J0,J0,J0,J0,J0,J0,J0,J0,J0,J2-20,J2-20,J2-20,J2-20,J2-20,J2-20,J2-20,J2-20,J2-20,J2-20,J2-20
1.5707963267948966,J2-20,J0,J0,J0,J0,J0,J0,J0,J0,J0,J0,J0,J0,J0,J0,J2-20,J2-20,J2-20,J2-20,J2-20,J2-20,J2-20,J2-20,J2-20,J2-20
1.5882496193148399,J2-20,J0,J0,J0,J0,J0,J0,J0,J0,J0,J0,J0,J0,J0,J0,J0,J2-20,J2-20,J2-20,J2-20,J2-20,J2-20,J2-20,J2-20,J2-20
1.6057029118347832,J2-20,J0,J0,J0,J0,J0,J0,J0,J0,J0,J0,J0,J0,J0,J0,J0,J0,J2-20,J2-20,J2-20,J2-20,J2-20,J2-20,J2-20,J2-20
1.6231562043547265,J2-20,J0,J0,J0,J0,J0,J0,J0,J0,J0,J0,J0,J0,J0,J0,J0,J0,J0,J2-20,J2-20,J2-20,J2-20,J2-20,J2-20,J2-20
1.6406094968746698,J2-20,J0,J0,J0,J0,J0,J0,J0,J0,J0,J0,J0,J0,J0,J0,J0,J0,J0,J2-20,J2-20,J2-20,J2-20,J2-20,J2-20,J2-20
1.6580627893946132,J2-20,J0,J0,J0,J0,J0,J0,J0,J0,J0,J0,J0,J0,J0,J0,J0,J0,J0,J0,J2-20,J2-20,J2-20,J2-20,J2-20,J2-20
1.6755160819145565,J2-20,J0,J0,J0,J0,J0,J0,J0,J0,J0,J0,J0,J0,J0,J0,J0,J0,J0,J0,J0,J2-20,J2-20,J2-20,J2-20,J2-20
1.6929693744344996,J2-20,J0,J0,J0,J0,J0,J0,J0,J0,J0,J0,J0,J0,J0,J0,J0,J0,J0,J0,J0,J2-20,J2-20,J2-20,J2-20,J2-20
1.710422666954443,J2-20,J0,J0,J0,J0,J0,J0,J0,J0,J0,J0,J0,J0,J0,J0,J0,J0,J0,J0,J0,J0,J2-20,J2-20,J2-20,J2-20
1.7278759594743862,J2-20,J0,J0,J0,J0,J0,J0,J0,J0,J0,J0,J0,J0,J0,J0,J0,J0,J0,J0,J0,J0,J2-20,J2-20,J2-20,J2-20
1.7453292519943295,J2-20,J0,J0,J0,J0,J0,J0,J0,J0,J0,J0,J0,J0,J0,J0,J0,J0,J0,J0,J0,J0,J0,J2-20,J2-20,J2-20
1.7627825445142729,J2-20,J0,J0,J0,J0,J0,J0,J0,A2,J0,C0-21,J0,J0,J0,J0,J0,J0,J0,J0,J0,J0,J0,J0,J2-20,J2-20
1.7802358370342162,J2-20,J0,J0,J0,J0,J0,J0,J0,A2,A2,C0-21,C0-21,C0-21,J0,J0,J0,J0,J0,J0,J0,J0,J0,J0,J2-20,J2-20
1.7976891295541595,J2-20,J0,J0,J0,J0,J0,J0,A2,A2,A2,A2,C0-21,C0-21,C0-21,C0-21,J0,J0,J0,J0,J0,J0,J0,J0,J0,J2-20
1.8151424220741028,J2-20,A2,A2,A2,A2,A2,A2,A2,A2,A2,A2,C0-21,C0-21,C0-21,C0-21,J0,J0,J0,J0,J0,J0,J0,J0,J0,J2-20
1.8325957145940461,J2-20,A2,A2,A2,A2,A2,A2,A2,A2,A2,A2,C0-21,C0-21,C0-21,C0-21,J0,J0,J0,J0,J0,J0,J0,J0,J0,J0
1.8500490071139892,J2-20,A2,A2,A2,A2,A2,A2,A2,A2,A2,A2,A2,C0-21,C0-21,C0-21,J0,J0,J0,J0,J0,J0,J0,J0,J0,J0
1.8675022996339325,J2-20,A2,A2,A2,A2,A2,A2,A2,A2,A2,A2,A2,C0-21,C0-21,C0-21,C0-21,J0,J0,J0,J0,J0,J0,J0,J0,J0
1.8849555921538759,J2-20,A2,A2,A2,A2,A2,A2,A2,A2,A2,A2,A2,C0-21,C0-21,C0-21,C0-21,J0,J0,J0,J0,J0,J0,J0,J0,J0
1.9024088846738192,J2-20,A2,A2,A2,A2,A2,A2,A2,A2,A2,A2,A2,C0-21,C0-21,C0-21,C0-21,J0,J0,J0,J0,J0,J0,J0,J0,J0
1.9198621771937625,J2-20,A2,A2,A2,A2,A2,A2,A2,A2,A2,A2,A2,A2,C0-21,C0-21,C0-21,J0,J0,J0,J0,J0,J0,J0,J0,J0
1.9373154697137058,J2-20,A2,A2,A2,A2,A2,A2,A2,A2,A2,A2,A2,A2,C0-21,C0-21,C0-21,C0-21,C0-21,J0,J0,J0,J0,J0,J0,J0
1.9547687622336491,J2-20,A2,A2,A2,A2,A2,A2,A2,A2,A2,A2,A2,A2,A2,C0-21,C0-21,C0-21,C0-21,C0-21,C0-21,J0,J0,J0,J0,J0
1.9722220547535925,J2-20,A2,A2,A2,A2,A2,A2,A2,A2,A2,A2,A2,A2,A2,C0-21,C0-21,C0-21,C0-21,C0-21,C0-21,C0-21,J0,J0,J0,J0
1.9896753472735358,J2-20,A2,A2,A2,A2,A2,A2,A2,A2,A2,A2,A2,A2,A2,A2,C0-21,C0-21,C0-21,C0-21,C0-21,C0-21,C0-21,J0,J0,J0
2.007128639793479,J2-20,A2,A2,A2,A2,A2,A2,A2,A2,A2,A2,A2,A2,A2,A2,C0-21,C0-21,C0-21,C0-21,C0-21,C0-21,C0-21,J0,J0,J0
2.0245819323134224,J2-20,A2,A2,A2,A2,A2,A2,A2,A2,A2,A2,A2,A2,A2,A2,A2,C0-21,C0-21,C0-21,C0-21,C0-21,C0-21,C0-21,J0,J0
2.0420352248333655,J2-20,A2,A2,A2,A2,A2,A2,A2,A2,A2,A2,A2,A2,A2,A2,A2,C0-21,C0-21,C0-21,C0-21,C0-21,C0-21,C0-21,C0-21,C0-21
2.059488517353309,J2-20,A2,A2,A2,A2,A2,A2,A2,A2,A2,A2,A2,A2,A2,A2,A2,C0-21,C0-21,C0-21,C0-21,C0-21,C0-21,C0-21,C0-21,C0-21
2.076941809873252,J2-20,A2,A2,A2,A2,A2,A2,A2,A2,A2,A2,A2,A2,A2,A2,A2,A2,C0-21,C0-21,C0-21,C0-21,C0-21,C0-21,C0-21,C0-21
2.0943951023931953,J2-20,A2,A2,A2,A2,A2,A2,A2,A2,A2,A2,A2,A2,A2,A2,A2,A2,C0-21,C0-21,C0-21,C0-21,C0-21,C0-21,C0-21,C0-21
2.111848394913139,J2-20,A2,A2,A2,A2,A2,A2,A2,A2,A2,A2,A2,A2,A2,A2,A2,A2,A2,C0-21,C0-21,C0-21,C0-21,C0-21,C0-21,C0-21
2.129301687433082,J2-20,A2,A2,A2,A2,A2,A2,A2,A2,A2,A2,A2,A2,A2,A2,A2,A2,A2,A2,C0-21,C0-21,C0-21,C0-21,C0-21,C0-21
2.1467549799530254,J2-20,A2,A2,A2,A2,A2,A2,A2,A2,A2,A2,A2,A2,A2,A2,A2,A2,A2,A2,A2,A2,C0-21,C0-21,C0-21,C0-21
2.1642082724729685,J2-20,A2,A2,A2,A2,A2,A2,A2,A2,A2,A2,A2,A2,A2,A2,A2,A2,A2,A2,A2,A2,A2,C0-21,C0-21,C0-21
2.181661564992912,J2-20,A2,A2,A2,A2,A2,A2,A2,A2,A2,A2,A2,A2,A2,A2,A2,A2,A2,A2,A2,A2,A2,A2,C0-21,C0-21
2.199114857512855,J2-20,A2,A2,A2,A2,A2,A2,A2,A2,A2,A2,A2,A2,A2,A2,A2,A2,A2,A2,A2,A2,A2,A2,C0-21,C0-21
2.2165681500327987,J2-20,A2,A2,A2,A2,A2,A2,A2,A2,A2,A2,A2,A2,A2,A2,A2,A2,A2,A2,A2,A2,A2,A2,A2,C0-21
2.234021442552742,J2-20,A2,A2,A2,A2,A2,A2,A2,A2,A2,A2,A2,A2,A2,A2,A2,A2,A2,A2,A2,A2,A2,A2,A2,C0-21
2.251474735072685,J2-20,A2,A2,A2,A2,A2,A2,A2,A2,A2,A2,A2,A2,A2,A2,A2,A2,A2,A2,A2,A2,A2,A2,A2,C0-21
2.2689280275926285,J2-20,A2,A2,A2,A2,A2,A2,A2,A2,A2,A2,A2,A2,A2,A2,A2,A2,A2,A2,A2,A2,A2,A2,A2,A2
2.2863813201125716,J2-20,A2,A2,A2,A2,A2,A2,A2,A2,A2,A2,A2,A2,A2,A2,A2,A2,A2,A2,A2,A2,A2,A2,A2,A2
2.303834612632515,J2-20,A2,A2,A2,A2,A2,A2,A2,A2,A2,A2,A2,A2,A2,A2,A2,A2,A2,A2,A2,A2,A2,A2,A2,A2
2.321287905152458,J2-20,A2,A2,A2,A2,A2,A2,A2,A2,A2,A2,A2,A2,A2,A2,A2,A2,A2,A2,A2,A2,A2,A2,A2,A2
2.3387411976724017,J2-20,A2,A2,A2,A2,A2,A2,A2,A2,A2,A2,A2,A2,A2,A2,A2,A2,A2,A2,A2,A2,A2,A2,A2,A2
2.356194490192345,J2-20,A2,A2,A2,A2,A2,A2,A2,A2,A2,A2,A2,A2,A2,A2,A2,A2,A2,A2,A2,A2,A2,A2,A2,A2
2.3736477827122884,J2-20,A2,A2,A2,A2,A2,A2,A2,A2,A2,A2,A2,A2,A2,A2,A2,A2,A2,A2,A2,A2,A2,A2,A2,A2
2.3911010752322315,J2-20,A2,A2,A2,A2,A2,A2,A2,A2,A2,A2,A2,A2,A2,A2,A2,A2,A2,A2,A2,A2,A2,A2,A2,A2
2.4085543677521746,J2-20,A2,A2,A2,A2,A2,A2,A2,A2,A2,A2,A2,A2,A2,A2,A2,A2,A2,A2,A2,A2,A2,A2,A2,A2
2.426007660272118,J2-20,A2,A2,A2,A2,A2,A2,A2,A2,A2,A2,A2,A2,A2,A2,A2,A2,A2,A2,A2,A2,A2,A2,A2,A2
2.443460952792061,J2-20,A2,A2,A2,A2,A2,A2,A2,A2,A2,A2,A2,A2,A2,A2,A2,A2,A2,A2,A2,A2,A2,A2,A2,A2
2.4609142453120048,J2-20,A2,A2,A2,A2,A2,A2,A2,A2,A2,A2,A2,A2,A2,A2,A2,A2,A2,A2,A2,A2,A2,A2,A2,A2
2.478367537831948,J2-20,A2,A2,A2,A2,A2,A2,A2,A2,A2,A2,A2,A2,A2,A2,A2,A2,A2,A2,A2,A2,A2,A2,A2,A2
2.4958208303518914,J2-20,A2,A2,A2,A2,A2,A2,A2,A2,A2,A2,A2,A2,A2,A2,A2,A2,A2,A2,A2,A2,A2,A2,A2,A2
2.5132741228718345,J2-20,A2,A2,A2,A2,A2,A2,A2,A2,A2,A2,A2,A2,A2,A2,A2,A2,A2,A2,A2,A2,A2,A2,A2,A2
2.530727415391778,J2-20,A2,A2,A2,A2,A2,A2,A2,A2,A2,A2,A2,A2,A2,A2,A2,A2,A2,A2,A2,A2,A2,A2,A2,A2
2.548180707911721,J2-20,A2,A2,A2,A2,A2,A2,A2,A2,A2,A2,A2,A2,A2,A2,A2,A2,A2,A2,A2,A2,A2,A2,A2,A2
2.5656340004316642,J2-20,A2,A2,A2,A2,A2,A2,A2,A2,A2,A2,A2,A2,A2,A2,A2,A2,A2,A2,A2,A2,A2,A2,A2,A2
2.5830872929516078,J2-20,A2,A2,A2,A2,A2,A2,A2,A2,A2,A2,A2,A2,A2,A2,A2,A2,A2,A2,A2,A2,A2,A2,A2,A2
2.600540585471551,J2-20,A2,A2,A2,A2,A2,A2,A2,A2,A2,A2,A2,A2,A2,A2,A2,A2,A2,A2,A2,A2,A2,A2,A2,A2
2.6179938779914944,J2-20,A2,A2,A2,A2,A2,A2,A2,A2,A2,A2,A2,A2,A2,A2,A2,A2,A2,A2,A2,A2,A2,A2,A2,A2
2.6354471705114375,J2-20,A2,A2,A2,A2,A2,A2,A2,A2,A2,A2,A2,A2,A2,A2,A2,A2,A2,A2,A2,A2,A2,A2,A2,A2
2.652900463031381,J2-20,A2,A2,A2,A2,A2,A2,A2,A2,A2,A2,A2,A2,A2,A2,A2,A2,A2,A2,A2,A2,A2,A2,A2,A2
2.670353755551324,J2-20,A2,A2,A2,A2,A2,A2,A2,A2,A2,A2,A2,A2,A2,A2,A2,A2,A2,A2,A2,A2,A2,A2,A2,A2
2.6878070480712677,J2-20,A2,A2,A2,A2,A2,A2,A2,A2,A2,A2,A2,A2,A2,A2,A2,A2,A2,A2,A2,A2,A2,A2,A2,A2
2.705260340591211,J2-20,A2,A2,A2,A2,A2,A2,A2,A2,A2,A2,A2,A2,A2,A2,A2,A2,A2,A2,A2,A2,A2,A2,A2,A2
2.722713633111154,J2-20,A2,A2,A2,A2,A2,A2,A2,A2,A2,A2,A2,A2,A2,A2,A2,A2,A2,A2,A2,A2,A2,A2,A2,A2
2.7401669256310974,J2-20,A2,A2,A2,A2,A2,A2,A2,A2,A2,A2,A2,A2,A2,A2,A2,A2,A2,A2,A2,A2,A2,A2,A2,A2
2.7576202181510405,J2-20,A2,A2,A2,A2,A2,A2,A2,A2,A2,A2,A2,A2,A2,A2,A2,A2,A2,A2,A2,A2,A2,A2,A2,A2
2.775073510670984,J2-20,A2,A2,A2,A2,A2,A2,A2,A2,A2,A2,A2,A2,A2,A2,A2,A2,A2,A2,A2,A2,A2,A2,A2,A2
2.792526803190927,J2-20,A2,A2,A2,A2,A2,A2,A2,A2,A2,A2,A2,A2,A2,A2,A2,A2,A2,A2,A2,A2,A2,A2,A2,A2
2.8099800957108707,J2-20,A2,A2,A2,A2,A2,A2,A2,A2,A2,A2,A2,A2,A2,A2,A2,A2,A2,A2,A2,A2,A2,A2,A2,A2
2.827433388230814,J2-20,A2,A2,A2,A2,A2,A2,A2,A2,A2,A2,A2,A2,A2,A2,A2,A2,A2,A2,A2,A2,A2,A2,A2,A2
2.8448866807507573,J2-20,A2,A2,A2,A2,A2,A2,A2,A2,A2,A2,A2,A2,A2,A2,A2,A2,A2,A2,A2,A2,A2,A2,A2,A2
2.8623399732707004,J2-20,A2,A2,A2,A2,A2,A2,A2,A2,A2,A2,A2,A2,A2,A2,A2,A2,A2,A2,A2,A2,A2,A2,A2,A2
2.8797932657906435,J2-20,A2,A2,A2,A2,A2,A2,A2,A2,A2,A2,A2,A2,A2,A2,A2,A2,A2,A2,A2,A2,A2,A2,A2,A2
2.897246558310587,J2-20,A2,A2,A2,A2,A2,A2,A2,A2,A2,A2,A2,A2,A2,A2,A2,A2,A2,A2,A2,A2,A2,A2,A2,A2
2.91469985083053,J2-20,A2,A2,A2,A2,A2,A2,A2,A2,A2,A2,A2,A2,A2,A2,A2,A2,A2,A2,A2,A2,A2,A2,A2,A2
2.9321531433504737,J2-20,A2,A2,A2,A2,A2,A2,A2,A2,A2,A2,A2,A2,A2,A2,A2,A2,A2,A2,A2,A2,A2,A2,A2,A2
2.949606435870417,J2-20,A2,A2,A2,A2,A2,A2,A2,A2,A2,A2,A2,A2,A2,A2,A2,A2,A2,A2,A2,A2,A2,A2,A2,A2
2.9670597283903604,J2-20,A2,A2,A2,A2,A2,A2,A2,A2,A2,A2,A2,A2,A2,A2,A2,A2,A2,A2,A2,A2,A2,A2,A2,A2
2.9845130209103035,J2-20,A2,A2,A2,A2,A2,A2,A2,A2,A2,A2,A2,A2,A2,A2,A2,A2,A2,A2,A2,A2,A2,A2,A2,A2
3.001966313430247,J2-20,A2,A2,A2,A2,A2,A2,A2,A2,A2,A2,A2,A2,A2,A2,A2,A2,A2,A2,A2,A2,A2,A2,A2,A2
3.01941960595019,J2-20,A2,A2,A2,A2,A2,A2,A2,A2,A2,A2,A2,A2,A2,A2,A2,A2,A2,A2,A2,A2,A2,A2,A2,A2
3.036872898470133,J2-20,A2,A2,A2,A2,A2,A2,A2,A2,A2,A2,A2,A2,A2,A2,A2,A2,A2,A2,A2,A2,A2,A2,A2,A2
3.0543261909900767,J2-20,A2,A2,A2,A2,A2,A2,A2,A2,A2,A2,A2,A2,A2,A2,A2,A2,A2,A2,A2,A2,A2,A2,A2,A2
3.07177948351002,J2-20,A2,A2,A2,A2,A2,A2,A2,A2,A2,A2,A2,A2,A2,A2,A2,A2,A2,A2,A2,A2,A2,A2,A2,A2
3.0892327760299634,J2-20,A2,A2,A2,A2,A2,A2,A2,A2,A2,A2,A2,A2,A2,A2,A2,A2,A2,A2,A2,A2,A2,A2,A2,A2
3.1066860685499065,J2-20,A2,A2,A2,A2,A2,A2,A2,A2,A2,A2,A2,A2,A2,A2,A2,A2,A2,A2,A2,A2,A2,A2,A2,A2
3.12413936106985,J2-20,A2,A2,A2,A2,A2,A2,A2,A2,A2,A2,A2,A2,A2,A2,A2,A2,A2,A2,A2,A2,A2,A2,A2,A2
3.141592653589793,J2-20,A2,A2,A2,A2,A2,A2,A2,A2,A2,A2,A2,A2,A2,A2,A2,A2,A2,A2,A2,A2,A2,A2,A2,A2
